{"cameraMode":{"drawMode":0,"name":"Shaded","section":"Shading Mode"},"sceneLighting":true,"audioPlay":false,"sceneViewState":{"m_AlwaysRefresh":false,"showFog":true,"showSkybox":true,"showFlares":true,"showImageEffects":true,"showParticleSystems":true,"showVisualEffectGraphs":true,"m_FxEnabled":true},"in2DMode":false,"pivot":{"x":-133.53854370117188,"y":89.95829010009766,"z":405.91510009765627},"rotation":{"x":0.0039899917319417,"y":-0.04778566211462021,"z":0.00030333054019138217,"w":0.9987415075302124},"size":594.239013671875,"orthographic":false}